company_name,link,ticker
Coperion K-Tron,https://www.thelayoff.com//k-tron-international,KTII
K & B Machining,https://www.thelayoff.com//k-and-b-machining,
K Bro Linen Inc,https://www.thelayoff.com//k-bro-linen,KBL
K Logix,https://www.thelayoff.com//k-logix,
K-Fed Bancorp,https://www.thelayoff.com//k-fed-bancorp,KFED
K-Sea Transportation Partners L.P.,https://www.thelayoff.com//k-sea-transportation-partners,KSP
K-Swiss Inc.,https://www.thelayoff.com//k-swiss,KSWS
K-Tec,https://www.thelayoff.com//k-tec,
K-V Pharmaceutical Co.,https://www.thelayoff.com//k-v-pharmaceutical,KVA
K-VA-T Food Stores,https://www.thelayoff.com//k-va-t-food-stores,
K12 Inc.,https://www.thelayoff.com//k12,LRN
K2M Group Holdings Inc.,https://www.thelayoff.com//k2m-group-holdings,KTWO
K4 Architecture,https://www.thelayoff.com//k4-architecture,
K4 Solutions,https://www.thelayoff.com//k4-solutions,
KAB Laboratories,https://www.thelayoff.com//kab-laboratories,
KAR Auction Services Inc.,https://www.thelayoff.com//kar-auction-services,KAR
KAR Holdings,https://www.thelayoff.com//kar-holdings,
KB Home,https://www.thelayoff.com//kb-home,KBH
KBL Healthcare Acquisition Corp. III,https://www.thelayoff.com//kbl-healthcare-acquisition-iii,KHA
KBL Merger Corp Un,https://www.thelayoff.com//kbl-merger-corp-un,KBLMU
KBR,https://www.thelayoff.com//kbr,KBR
KBS Fashion Group Ltd.,https://www.thelayoff.com//kbs-fashion-group,KBSF
KBTS Technologies,https://www.thelayoff.com//kbts-technologies,
KBW Inc.,https://www.thelayoff.com//kbw,KBW
KCAP Financial Inc.,https://www.thelayoff.com//kcap-financial,KCAP
KCG Holdings Inc.,https://www.thelayoff.com//kcg-holdings,KCG
KEEPRS,https://www.thelayoff.com//keeprs,
KEYW Holding Corp.,https://www.thelayoff.com//keyw-holding,KEYW
KHD Humboldt Wedag International Ltd.,https://www.thelayoff.com//khd-humboldt-wedag-international,KHD
KHN Solutions,https://www.thelayoff.com//khn-solutions,
KIRA,https://www.thelayoff.com//kira,
KKR & Co. L.P.,https://www.thelayoff.com//kkr-and-co,KKR
KKR Financial Holdings LLC,https://www.thelayoff.com//kkr-financial-holdings-llc,KFN
KKR Real Estate Finance Trust,https://www.thelayoff.com//kkr-real-estate-finance-trust,KREF
KLA-Tencor Corp.,https://www.thelayoff.com//kla-tencor,KLAC
KLM Construction,https://www.thelayoff.com//klm-construction,
KLX Inc.,https://www.thelayoff.com//klx,KLXI
KMG Chemicals Inc.,https://www.thelayoff.com//kmg-chemicals,KMG
KPMG LLP,https://www.thelayoff.com//kpmg,
KSW Inc.,https://www.thelayoff.com//ksw,KSW
KT Corp. ADS,https://www.thelayoff.com//kt,KT
KTI,https://www.thelayoff.com//kti,
KTL Solutions,https://www.thelayoff.com//ktl-solutions,
KU Resources,https://www.thelayoff.com//ku-resources,
KVH Industries Inc.,https://www.thelayoff.com//kvh-industries,KVHI
KaZaK Composites,https://www.thelayoff.com//kazak-composites,
Kadant Inc.,https://www.thelayoff.com//kadant,KAI
Kadix Systems,https://www.thelayoff.com//kadix-systems,
Kadlec Regional Medical Center,https://www.thelayoff.com//kadlec-regional-medical-center,
Kadmon Holdings,https://www.thelayoff.com//kadmon-holdings,KDMN
Kadoka Area School District 35-2,https://www.thelayoff.com//kadoka-area-sd-35-2-school-district,
Kahler Automation,https://www.thelayoff.com//kahler-automation,
Kahlotus School District,https://www.thelayoff.com//kahlotus-school-district,
Kahuku Medical Center,https://www.thelayoff.com//kahuku-medical-center,
Kaiser Aluminum Corp.,https://www.thelayoff.com//kaiser-aluminum,KALU
Kaiser Foundation Hosp So Sacramento,https://www.thelayoff.com//kaiser-foundation-hosp-so-sacramento,
Kaiser Foundation Hospital - Antioch,https://www.thelayoff.com//kaiser-foundation-hospital-antioch,
Kaiser Foundation Hospital - Baldwin Park,https://www.thelayoff.com//kaiser-foundation-hospital-baldwin-park,
Kaiser Foundation Hospital - Downey,https://www.thelayoff.com//kaiser-foundation-hospital-downey,
Kaiser Foundation Hospital - Fremont,https://www.thelayoff.com//kaiser-foundation-hospital-fremont,
Kaiser Foundation Hospital - Fresno,https://www.thelayoff.com//kaiser-foundation-hospital-fresno,
Kaiser Foundation Hospital - Los Angeles,https://www.thelayoff.com//kaiser-foundation-hospital-los-angeles,
Kaiser Foundation Hospital - Moreno Valley,https://www.thelayoff.com//kaiser-foundation-hospital-moreno-valley,
Kaiser Foundation Hospital - Oakland/Richmond,https://www.thelayoff.com//kaiser-foundation-hospital-oakland-richmond,
Kaiser Foundation Hospital - Orange County - Anahe,https://www.thelayoff.com//kaiser-foundation-hospital-orange-county-anahe,
Kaiser Foundation Hospital - Panorama City,https://www.thelayoff.com//kaiser-foundation-hospital-panorama-city,
Kaiser Foundation Hospital - Redwood City,https://www.thelayoff.com//kaiser-foundation-hospital-redwood-city,
Kaiser Foundation Hospital - Roseville,https://www.thelayoff.com//kaiser-foundation-hospital-roseville,
Kaiser Foundation Hospital - Sacramento,https://www.thelayoff.com//kaiser-foundation-hospital-sacramento,
Kaiser Foundation Hospital - San Diego,https://www.thelayoff.com//kaiser-foundation-hospital-san-diego,
Kaiser Foundation Hospital - San Francisco,https://www.thelayoff.com//kaiser-foundation-hospital-san-francisco,
Kaiser Foundation Hospital - San Jose,https://www.thelayoff.com//kaiser-foundation-hospital-san-jose,
Kaiser Foundation Hospital - San Leandro,https://www.thelayoff.com//kaiser-foundation-hospital-san-leandro,
Kaiser Foundation Hospital - Santa Clara,https://www.thelayoff.com//kaiser-foundation-hospital-santa-clara,
Kaiser Foundation Hospital - Santa Rosa,https://www.thelayoff.com//kaiser-foundation-hospital-santa-rosa,
Kaiser Foundation Hospital - South Bay,https://www.thelayoff.com//kaiser-foundation-hospital-south-bay,
Kaiser Foundation Hospital - South San Francisco,https://www.thelayoff.com//kaiser-foundation-hospital-south-san-francisco,
Kaiser Foundation Hospital - Vacaville,https://www.thelayoff.com//kaiser-foundation-hospital-vacaville,
Kaiser Foundation Hospital - Walnut Creek,https://www.thelayoff.com//kaiser-foundation-hospital-walnut-creek,
Kaiser Foundation Hospital - West LA,https://www.thelayoff.com//kaiser-foundation-hospital-west-la,
Kaiser Foundation Hospital - Westside,https://www.thelayoff.com//kaiser-foundation-hospital-westside,
Kaiser Foundation Hospital - Woodland Hills,https://www.thelayoff.com//kaiser-foundation-hospital-woodland-hills,
Kaiser Foundation Hospital Fontana,https://www.thelayoff.com//kaiser-foundation-hospital-fontana,
Kaiser Foundation Hospital Honolulu,https://www.thelayoff.com//kaiser-foundation-hospital-honolulu,
Kaiser Foundation Hospital Manteca,https://www.thelayoff.com//kaiser-foundation-hospital-manteca,
Kaiser Foundation Hospital San Rafael,https://www.thelayoff.com//kaiser-foundation-hospital-san-rafael,
Kaiser Foundation Hospital and Rehab Center,https://www.thelayoff.com//kaiser-foundation-hospital-and-rehab-center,
"Kaiser Foundation Hospital, Riverside",https://www.thelayoff.com//kaiser-foundation-hospital-riverside,
Kaiser Permanente,https://www.thelayoff.com//kp,
Kaiser Sunnyside Medical Center,https://www.thelayoff.com//kaiser-sunnyside-medical-center,
Kaizen Technologies,https://www.thelayoff.com//kaizen-technologies,
Kake City School District,https://www.thelayoff.com//kake-city-school-district,
Kalama School District,https://www.thelayoff.com//kalama-school-district,
Kalamazoo College,https://www.thelayoff.com//kc,
Kalamazoo County,https://www.thelayoff.com//kalamazoo-mi,
Kalamazoo Public Schools,https://www.thelayoff.com//kalamazoo-public-schools-school-district,
Kalani Packaging,https://www.thelayoff.com//kalani-packaging,
Kalawao County,https://www.thelayoff.com//kalawao,
Kaleida Health,https://www.thelayoff.com//kaleida-health,
Kaleidescape,https://www.thelayoff.com//kaleidescape,
Kaleva Norman Dickson School District,https://www.thelayoff.com//kaleva-norman-dickson-school-district,
Kalida Local School District,https://www.thelayoff.com//kalida-local-school-district,
Kalispell Elementary School District,https://www.thelayoff.com//kalispell-elementary-school-district,
Kalispell Regional Medical Center,https://www.thelayoff.com//kalispell-regional-medical-center,
Kalkaska County,https://www.thelayoff.com//kalkaska,
Kalkaska Memorial Health Center,https://www.thelayoff.com//kalkaska-memorial-health-center,
Kalkaska Public Schools,https://www.thelayoff.com//kalkaska-public-schools-school-district,
KaloBios Pharmaceuticals Inc.,https://www.thelayoff.com//kalobios-pharmaceuticals,KBIO
Kamada Ltd.,https://www.thelayoff.com//kamada,KMDA
Kaman Corp.,https://www.thelayoff.com//kaman,KAMN
Kamiah Joint District,https://www.thelayoff.com//kamiah-joint-district-school-district,
Kanabec County,https://www.thelayoff.com//kanabec,
Kanakanak Hospital,https://www.thelayoff.com//kanakanak-hospital,
Kanawha County,https://www.thelayoff.com//kanawha,
Kanawha County Schools,https://www.thelayoff.com//kanawha-county-schools-school-district,
Kandi Technologies Group Inc.,https://www.thelayoff.com//kandi-technologies-group,KNDI
Kandiyohi County,https://www.thelayoff.com//kandiyohi,
Kane Area School District,https://www.thelayoff.com//kane-area-sd-school-district,
Kane Community Hospital,https://www.thelayoff.com//kane-community-hospital,
Kane County,https://www.thelayoff.com//kane-il,
Kane County Hospital,https://www.thelayoff.com//kane-county-hospital,
"Kane County, UT",https://www.thelayoff.com//kane-ut,
Kane District School District,https://www.thelayoff.com//kane-district-school-district,
Kaneland CUSD 302,https://www.thelayoff.com//kaneland-cusd-302-school-district,
Kankakee County,https://www.thelayoff.com//kankakee,
Kankakee School District 111,https://www.thelayoff.com//kankakee-sd-111-school-district,
Kankakee Valley School Corporation,https://www.thelayoff.com//kankakee-valley-school-corp-school-district,
Kannapolis City Schools,https://www.thelayoff.com//kannapolis-city-schools-school-district,
Kansas,https://www.thelayoff.com//kansas,
Kansas CUSD 3,https://www.thelayoff.com//kansas-cusd-3-school-district,
Kansas City 33,https://www.thelayoff.com//kansas-city-33-school-district,
Kansas City Art Institute,https://www.thelayoff.com//kcai,
Kansas City Life Insurance Co.,https://www.thelayoff.com//kansas-city-life-insurance,KCLI
Kansas City Orthopaedic Institute,https://www.thelayoff.com//kansas-city-orthopaedic-institute,
Kansas City School District,https://www.thelayoff.com//kansas-city-school-district,
Kansas City Southern,https://www.thelayoff.com//kansas-city-southern,KSU
Kansas Heart Hospital,https://www.thelayoff.com//kansas-heart-hospital,
Kansas Medical Center,https://www.thelayoff.com//kansas-medical-center,
Kansas School District,https://www.thelayoff.com//kansas-school-district,
Kansas Spine & Specialty Hospital,https://www.thelayoff.com//kansas-spine-and-specialty-hospital,
Kansas State University,https://www.thelayoff.com//ksu,
Kansas Surgery & Recovery Center,https://www.thelayoff.com//kansas-surgery-and-recovery-center,
Kansas Wesleyan University,https://www.thelayoff.com//kwu,
Kantner Ingredients,https://www.thelayoff.com//kantner-ingredients,
KapStone Paper & Packaging Corp.,https://www.thelayoff.com//kapstone-paper-and-packaging,KS
Kapiolani Medical Center For Women & Children,https://www.thelayoff.com//kapiolani-medical-center-for-women-and-children,
Kaplan College,https://www.thelayoff.com//kaplan-college,
Kaplan University,https://www.thelayoff.com//kaplan-university,
Kardex,https://www.thelayoff.com//kardex,
Karmanos Cancer Center,https://www.thelayoff.com//karmanos-cancer-center,
Karnack Independent School District,https://www.thelayoff.com//karnack-isd-school-district,
Karnalyte Resources Inc,https://www.thelayoff.com//karnalyte-resources,KRN
Karnes City Independent School District,https://www.thelayoff.com//karnes-city-isd-school-district,
Karnes County,https://www.thelayoff.com//karnes,
Karns City Area School District,https://www.thelayoff.com//karns-city-area-sd-school-district,
Karval School District No. Re 23,https://www.thelayoff.com//karval-school-district-no-re-23-school-district,
Karyopharm Therapeutics Inc.,https://www.thelayoff.com//karyopharm-therapeutics,KPTI
Kashia Elementary School District,https://www.thelayoff.com//kashia-elementary-school-district,
Kashunamiut School District,https://www.thelayoff.com//kashunamiut-school-district,
Kasson-Mantorville School District,https://www.thelayoff.com//kasson-mantorville-school-district,
Katanga Mining Ltd.,https://www.thelayoff.com//katanga-mining,KAT
Kate Spade & Co.,https://www.thelayoff.com//kate-spade-and-co,KATE
Katherine Shaw Bethea Hospital,https://www.thelayoff.com//katherine-shaw-bethea-hospital,
Katonah-Lewisboro Union Free School District,https://www.thelayoff.com//katonah-lewisboro-union-free-school-district,
Katy Independent School District,https://www.thelayoff.com//katy-isd-school-district,
Katy Spring and Manufacturing,https://www.thelayoff.com//katy-spring-and-manufacturing,
Katzenbach Partners,https://www.thelayoff.com//katzenbach-partners,
Kau Hospital,https://www.thelayoff.com//kau-hospital,
Kauai County,https://www.thelayoff.com//kauai,
Kauai Veterans Memorial Hospital,https://www.thelayoff.com//kauai-veterans-memorial-hospital,
Kaufman County,https://www.thelayoff.com//kaufman,
Kaufman Independent School District,https://www.thelayoff.com//kaufman-isd-school-district,
Kaufmann Overhead Door,https://www.thelayoff.com//kaufmann-overhead-door,
Kaukauna Area School District,https://www.thelayoff.com//kaukauna-area-school-district,
Kaw Valley School District,https://www.thelayoff.com//kaw-valley-school-district,
Kaweah Delta Medical Center,https://www.thelayoff.com//kaweah-delta-medical-center,
Kay County,https://www.thelayoff.com//kay,
Kaydon Corp.,https://www.thelayoff.com//kaydon,KDN
Kayenta Unified School District # 27,https://www.thelayoff.com//kayenta-unified-school-district-27-school-district,
Kayne Anderson Energy Development Co.,https://www.thelayoff.com//kayne-anderson-energy-development,KED
Kazoo & Company,https://www.thelayoff.com//kazoo-and-company,
Kean University,https://www.thelayoff.com//ku,
Keane,https://www.thelayoff.com//keane,
Keane Group,https://www.thelayoff.com//keane-group,FRAC
Keansburg School District,https://www.thelayoff.com//keansburg-school-district,
Kearney County,https://www.thelayoff.com//kearney,
Kearney County Health Services Hospital,https://www.thelayoff.com//kearney-county-health-services-hospital,
Kearney Public Schools,https://www.thelayoff.com//kearney-public-schools-school-district,
Kearney R-I School District,https://www.thelayoff.com//kearney-r-i-school-district,
Kearney Regional Medical Center,https://www.thelayoff.com//kearney-regional-medical-center,
Kearny County,https://www.thelayoff.com//kearny,
Kearny County Hospital,https://www.thelayoff.com//kearny-county-hospital,
Kearny Financial Corp.,https://www.thelayoff.com//kearny-financial,KRNY
Kearny School District,https://www.thelayoff.com//kearny-school-district,
Kearsley Community School District,https://www.thelayoff.com//kearsley-community-school-district,
Keck Hospital (USC Hospital),https://www.thelayoff.com//keck-hospital-of-usc,
Kee Business College,https://www.thelayoff.com//kee-business-college,
Kee Safety,https://www.thelayoff.com//kee-safety,
Keefe Memorial Hospital,https://www.thelayoff.com//keefe-memorial-hospital,
Keegan Resources Inc,https://www.thelayoff.com//keegan-resources,KGN
Keen Mobility,https://www.thelayoff.com//keen-mobility,
Keene Central School District,https://www.thelayoff.com//keene-central-school-district,
Keene Independent School District,https://www.thelayoff.com//keene-isd-school-district,
Keene State College,https://www.thelayoff.com//ksc,
Keeneyville School District 20,https://www.thelayoff.com//keeneyville-sd-20-school-district,
Keiser University,https://www.thelayoff.com//keiser-university,
Keith County,https://www.thelayoff.com//keith,
Keithley Instruments Inc.,https://www.thelayoff.com//keithley-instruments,KEI
Kell Cons School District 2,https://www.thelayoff.com//kell-cons-sd-2-school-district,
Kell West Regional Hospital,https://www.thelayoff.com//kell-west-regional-hospital,
Keller Independent School District,https://www.thelayoff.com//keller-isd-school-district,
Keller School District,https://www.thelayoff.com//keller-school-district,
Keller Williams Realty International,https://www.thelayoff.com//keller-williams-realty,
Kelleys Island Local,https://www.thelayoff.com//kelleys-island-local-school-district,
Kelliher Public School District,https://www.thelayoff.com//kelliher-public-school-district,
Kellogg,https://www.thelayoff.com//kellogg,
Kellogg Joint District,https://www.thelayoff.com//kellogg-joint-district-school-district,
Kelloggsville Public Schools,https://www.thelayoff.com//kelloggsville-public-schools-school-district,
Kellwood Co.,https://www.thelayoff.com//kellwood,KWD
Kelly Services Inc.,https://www.thelayoff.com//kelly-services,KELYA
Kellyville School District,https://www.thelayoff.com//kellyville-school-district,
Kelseyville Unified School District,https://www.thelayoff.com//kelseyville-unified-school-district,
Kelso C-7 School District,https://www.thelayoff.com//kelso-c-7-school-district,
Kelso School District,https://www.thelayoff.com//kelso-school-district,
Kelso Technologies Inc.,https://www.thelayoff.com//kelso-technologies,KIQ
Kelton Independent School District,https://www.thelayoff.com//kelton-isd-school-district,
Kelton Research,https://www.thelayoff.com//kelton-research,
KemPharm Inc.,https://www.thelayoff.com//kempharm,KMPH
Kemet Corp.,https://www.thelayoff.com//kemet,KEM
Kemp Independent School District,https://www.thelayoff.com//kemp-isd-school-district,
Kemper County,https://www.thelayoff.com//kemper,
Kemper County School District,https://www.thelayoff.com//kemper-co-school-dist,
Kenai Peninsula Borough,https://www.thelayoff.com//kenai-peninsula,
Kenai Peninsula Borough School District,https://www.thelayoff.com//kenai-peninsula-borough-school-district,
Kendall Central School District,https://www.thelayoff.com//kendall-central-school-district,
Kendall College,https://www.thelayoff.com//kendall-college,
Kendall College of Art and Design,https://www.thelayoff.com//kcad,
Kendall County,https://www.thelayoff.com//kendall-il,
"Kendall County, TX",https://www.thelayoff.com//kendall-tx,
Kendall Regional Medical Center,https://www.thelayoff.com//kendall-regional-medical-center,
Kendle International Inc.,https://www.thelayoff.com//kendle-international,KNDL
Kendrick Joint District,https://www.thelayoff.com//kendrick-joint-district-school-district,
Kenedy County,https://www.thelayoff.com//kenedy,
Kenedy County Wide Central School District,https://www.thelayoff.com//kenedy-county-wide-csd-school-district,
Kenedy Independent School District,https://www.thelayoff.com//kenedy-isd-school-district,
Kenesaw Public Schools,https://www.thelayoff.com//kenesaw-public-schools-school-district,
Kenexa Corp.,https://www.thelayoff.com//kenexa,KNXA
Kenilworth School District,https://www.thelayoff.com//kenilworth-school-district,
Kenilworth School District 38,https://www.thelayoff.com//kenilworth-sd-38-school-district,
Kenmare 28 School District,https://www.thelayoff.com//kenmare-28-school-district,
Kenmare Community Hospital,https://www.thelayoff.com//kenmare-community-hospital,
Kenmore Mercy Hospital,https://www.thelayoff.com//kenmore-mercy-hospital,
Kenmore-Tonawanda Union Free School District,https://www.thelayoff.com//kenmore-tonawanda-union-free-school-district,
Kennametal Inc.,https://www.thelayoff.com//kennametal,KMT
Kennard Independent School District,https://www.thelayoff.com//kennard-isd-school-district,
Kennebec County,https://www.thelayoff.com//kennebec,
Kennedale Independent School District,https://www.thelayoff.com//kennedale-isd-school-district,
Kennedy Kreiger Institute,https://www.thelayoff.com//kennedy-kreiger-institute,
Kennedy University Hospital - Stratford Div,https://www.thelayoff.com//kennedy-university-hospital-stratford-div,
Kennedy-Wilson Holdings Inc.,https://www.thelayoff.com//kennedy-wilson-holdings,KW
Kennesaw State University,https://www.thelayoff.com//kennesaw-state,
Kenneth Cole Productions Inc.,https://www.thelayoff.com//kenneth-cole-productions,KCP
Kennett 39 School District,https://www.thelayoff.com//kennett-39-school-district,
Kennett Consolidated School District,https://www.thelayoff.com//kennett-consolidated-sd-school-district,
Kennewick General Hospital,https://www.thelayoff.com//kennewick-general-hospital,
Kennewick School District,https://www.thelayoff.com//kennewick-school-district,
Kenon Holdings Ltd.,https://www.thelayoff.com//kenon-holdings,KEN
Kenosha County,https://www.thelayoff.com//kenosha-wi,
Kenosha School District,https://www.thelayoff.com//kenosha-school-district,
Kenowa Hills Public Schools,https://www.thelayoff.com//kenowa-hills-public-schools-school-district,
Kensal 19 School District,https://www.thelayoff.com//kensal-19-school-district,
Kensey Nash Corp.,https://www.thelayoff.com//kensey-nash,KNSY
Kensington Hospital,https://www.thelayoff.com//kensington-hospital,
Kenston Local School District,https://www.thelayoff.com//kenston-local-school-district,
Kent City Community Schools,https://www.thelayoff.com//kent-city-community-schools-school-district,
Kent City School District,https://www.thelayoff.com//kent-city-school-district,
Kent County,https://www.thelayoff.com//kent-de,
Kent County Memorial Hospital,https://www.thelayoff.com//kent-county-memorial-hospital,
Kent County Public Schools,https://www.thelayoff.com//kent-county-public-schools-school-district,
"Kent County, MD",https://www.thelayoff.com//kent-md,
"Kent County, MI",https://www.thelayoff.com//kent-mi,
"Kent County, RI",https://www.thelayoff.com//kent-ri,
"Kent County, TX",https://www.thelayoff.com//kent-tx,
Kent Financial Services Inc.,https://www.thelayoff.com//kent-financial-services,KENT
Kent School District,https://www.thelayoff.com//kent-school-district,
Kent State University,https://www.thelayoff.com//kent-state,
Kentfield Elementary School District,https://www.thelayoff.com//kentfield-elementary-school-district,
Kenton City School District,https://www.thelayoff.com//kenton-city-school-district,
Kenton County,https://www.thelayoff.com//kenton,
Kenton County School District,https://www.thelayoff.com//kenton-county-school-district,
Kentuckiana Medical Center,https://www.thelayoff.com//kentuckiana-medical-center,
Kentucky,https://www.thelayoff.com//kentucky,
Kentucky Christian College,https://www.thelayoff.com//kcc,
Kentucky First Federal Bancorp,https://www.thelayoff.com//kentucky-first-federal-bancorp,KFFB
Kentucky Fried Chicken,https://www.thelayoff.com//kfc,
Kentucky River Medical Center,https://www.thelayoff.com//kentucky-river-medical-center,
Kentucky State University,https://www.thelayoff.com//kentucky-state,
Kentucky Wesleyan College,https://www.thelayoff.com//kwc,
Kentwood Public Schools,https://www.thelayoff.com//kentwood-public-schools-school-district,
Kenwood School District,https://www.thelayoff.com//kenwood-school-district,
Kenyon College,https://www.thelayoff.com//kenyon,
Kenyon-Wanamingo School District,https://www.thelayoff.com//kenyon-wanamingo-school-district,
Keokuk Area Hospital,https://www.thelayoff.com//keokuk-area-hospital,
Keokuk Community School District,https://www.thelayoff.com//keokuk-comm-school-district,
Keokuk County,https://www.thelayoff.com//keokuk,
Keokuk County Health Center,https://www.thelayoff.com//keokuk-county-health-center,
Keota Community School District,https://www.thelayoff.com//keota-comm-school-district,
Keota School District,https://www.thelayoff.com//keota-school-district,
Keppel Union Elementary School District,https://www.thelayoff.com//keppel-union-elementary-school-district,
Kerens Independent School District,https://www.thelayoff.com//kerens-isd-school-district,
Kerkhoven-Murdock-Sunburg School District,https://www.thelayoff.com//kerkhoven-murdock-sunburg-school-district,
Kerman Unified School District,https://www.thelayoff.com//kerman-unified-school-district,
Kermit Independent School District,https://www.thelayoff.com//kermit-isd-school-district,
Kern County,https://www.thelayoff.com//kern,
Kern County Office Of Education,https://www.thelayoff.com//kern-county-office-of-education-school-district,
Kern High School District,https://www.thelayoff.com//kern-high-school-district,
Kern Medical Center,https://www.thelayoff.com//kern-medical-center,
Kern Valley Healthcare District,https://www.thelayoff.com//kern-valley-healthcare-district,
Kernville Union Elementary School District,https://www.thelayoff.com//kernville-union-elementary-school-district,
Kerr Albert Office Supply,https://www.thelayoff.com//kerr-albert-office-supply,
Kerr County,https://www.thelayoff.com//kerr,
Kerrville Independent School District,https://www.thelayoff.com//kerrville-isd-school-district,
Kershaw 01 School District,https://www.thelayoff.com//kershaw-01-school-district,
Kershaw County,https://www.thelayoff.com//kershaw,
Kershawhealth,https://www.thelayoff.com//kershawhealth,
Kershner Office Furniture,https://www.thelayoff.com//kershner-office-furniture,
Kerusso,https://www.thelayoff.com//kerusso,
Keryx Biopharmaceuticals Inc.,https://www.thelayoff.com//keryx-biopharmaceuticals,KERX
Kester Elementary School District,https://www.thelayoff.com//kester-elementary-school-district,
Kestler Financial Group,https://www.thelayoff.com//kestler-financial,
Ketchikan Gateway Borough,https://www.thelayoff.com//ketchikan-gateway,
Ketchikan Gateway Borough School District,https://www.thelayoff.com//ketchikan-gateway-borough-school-district,
Ketchum Advertising,https://www.thelayoff.com//ketchum-advertising,
Ketchum School District,https://www.thelayoff.com//ketchum-school-district,
Kettering City School District,https://www.thelayoff.com//kettering-city-school-district,
Kettering Medical Center,https://www.thelayoff.com//kettering-medical-center,
Kettering University,https://www.thelayoff.com//kettering-university,
Kettle Falls School District,https://www.thelayoff.com//kettle-falls-school-district,
Kettle Moraine School District,https://www.thelayoff.com//kettle-moraine-school-district,
Keuka College,https://www.thelayoff.com//keuka,
Keurig Dr Pepper,https://www.thelayoff.com//keurig,KDP
Kevin's Wholesale,https://www.thelayoff.com//kevins-wholesale,
Kewanee CUSD 229,https://www.thelayoff.com//kewanee-cusd-229-school-district,
Kewaskum School District,https://www.thelayoff.com//kewaskum-school-district,
Kewaunee County,https://www.thelayoff.com//kewaunee,
Kewaunee School District,https://www.thelayoff.com//kewaunee-school-district,
Kewaunee Scientific Corp.,https://www.thelayoff.com//kewaunee-scientific,KEQU
Keweenaw County,https://www.thelayoff.com//keweenaw,
Key & Associates,https://www.thelayoff.com//key-and-associates,
Key Energy Services Inc.,https://www.thelayoff.com//key-energy-services,KEG
Key Safety Systems,https://www.thelayoff.com//key-safety-systems,
Key Technology Inc.,https://www.thelayoff.com//key-technology,KTEC
Key Tronic Corp.,https://www.thelayoff.com//key-tronic,KTCC
KeyCorp,https://www.thelayoff.com//keycorp,KEY
Keya Paha County,https://www.thelayoff.com//keya-paha,
Keya Paha County Schools,https://www.thelayoff.com//keya-paha-county-schools-school-district,
Keyera Corp,https://www.thelayoff.com//keyera-corp,KEY
Keyes School District,https://www.thelayoff.com//keyes-school-district,
Keyes Union School District,https://www.thelayoff.com//keyes-union-school-district,
Keynote Systems Inc.,https://www.thelayoff.com//keynote-systems,KEYN
Keyport School District,https://www.thelayoff.com//keyport-school-district,
Keys School District,https://www.thelayoff.com//keys-school-district,
Keysight Technologies Inc.,https://www.thelayoff.com//keysight-technologies,KEYS
Keystone Central School District,https://www.thelayoff.com//keystone-central-sd-school-district,
Keystone College,https://www.thelayoff.com//keystone,
Keystone Foods,https://www.thelayoff.com//keystone-foods,
Keystone Local School District,https://www.thelayoff.com//keystone-local-school-district,
Keystone Masonry,https://www.thelayoff.com//keystone-masonry,
Keystone Nazareth Bank & Trust,https://www.thelayoff.com//knbt-bancorp,KNBT
Keystone Oaks School District,https://www.thelayoff.com//keystone-oaks-sd-school-district,
Keystone Property Group,https://www.thelayoff.com//keystone-property,
Keystone School District,https://www.thelayoff.com//keystone-school-district,
Keystone School District,https://www.thelayoff.com//keystone-sd-school-district,
Keystrokes Transcription Service,https://www.thelayoff.com//keystrokes-transcription-service,
Keytesville R-Iii School District,https://www.thelayoff.com//keytesville-r-iii-school-district,
Kforce Inc.,https://www.thelayoff.com//kforce,KFRC
Khan Resources Inc.,https://www.thelayoff.com//khan-resources,KRI
Kickapoo Area School District,https://www.thelayoff.com//kickapoo-area-school-district,
Kidder,https://www.thelayoff.com//kidder,
Kidder County,https://www.thelayoff.com//kidder-nd,
Kidder County 1,https://www.thelayoff.com//kidder-county-1-school-district,
Kiddopotamus,https://www.thelayoff.com//kiddopotamus,
Kiefer School District,https://www.thelayoff.com//kiefer-school-district,
Kiel Area School District,https://www.thelayoff.com//kiel-area-school-district,
Kiely Equipment,https://www.thelayoff.com//kiely-equipment,
Kila Elementary School District,https://www.thelayoff.com//kila-elementary-school-district,
Kildare School District,https://www.thelayoff.com//kildare-school-district,
Kildeer Countryside CCSD 96,https://www.thelayoff.com//kildeer-countryside-ccsd-96-school-district,
Kilgannon,https://www.thelayoff.com//kilgannon,
Kilgore Independent School District,https://www.thelayoff.com//kilgore-isd-school-district,
Killam Properties Inc.,https://www.thelayoff.com//killam-properties,KMP
Killdeer 16 School District,https://www.thelayoff.com//killdeer-16-school-district,
Killeen Independent School District,https://www.thelayoff.com//killeen-isd-school-district,
Killingly School District,https://www.thelayoff.com//killingly-school-district,
Kilop USA,https://www.thelayoff.com//kilop-usa,
Kilroy Realty Corp.,https://www.thelayoff.com//kilroy-realty,KRC
Kim Reorganized School District No. 88,https://www.thelayoff.com//kim-reorganized-school-district-no-88-school-district,
Kim and Scott's Gourmet Pretzels,https://www.thelayoff.com//kim-and-scotts-gourmet-pretzels,
Kimball County,https://www.thelayoff.com//kimball,
Kimball Electronics Inc.,https://www.thelayoff.com//kimball-electronics,KE
Kimball Health Services,https://www.thelayoff.com//kimball-health-services,
Kimball International Inc.,https://www.thelayoff.com//kimball-international,KBAL
Kimball Public School District,https://www.thelayoff.com//kimball-public-school-district,
Kimball Public Schools,https://www.thelayoff.com//kimball-public-schools-school-district,
Kimball School District 07-2,https://www.thelayoff.com//kimball-sd-07-2-school-district,
Kimbell Royalty Partners,https://www.thelayoff.com//kimbell-royalty-partners,KRP
"Kimber Resources, Inc.",https://www.thelayoff.com//kimber-resources,KBR
Kimberly Area School District,https://www.thelayoff.com//kimberly-area-school-district,
Kimberly District School District,https://www.thelayoff.com//kimberly-district-school-district,
Kimberly-Clark,https://www.thelayoff.com//kimberly-clark,KMB
Kimble County,https://www.thelayoff.com//kimble,
Kimble Hospital,https://www.thelayoff.com//kimble-hospital,
Kimco Realty Corp.,https://www.thelayoff.com//kimco-realty,KIM
Kimley-Horn,https://www.thelayoff.com//kimley-horn,
Kimpton Hotels & Restaurants,https://www.thelayoff.com//kimpton,
Kimray,https://www.thelayoff.com//kimray,
Kinder Morgan Energy Partners L.P.,https://www.thelayoff.com//kinder-morgan-energy-partners,KMP
Kinder Morgan Management L.L.C.,https://www.thelayoff.com//kinder-morgan-management-l-l-c,KMR
Kinderhook Central School District,https://www.thelayoff.com//kinderhook-central-school-district,
Kindred 2 School District,https://www.thelayoff.com//kindred-2-school-district,
Kindred Biosciences Inc.,https://www.thelayoff.com//kindred-biosciences,KIN
Kindred Healthcare Inc.,https://www.thelayoff.com//kindred-healthcare,KND
KineMed,https://www.thelayoff.com//kinemed,KNMD
Kinetek Consulting,https://www.thelayoff.com//kinetek-consulting,
Kinetic Concepts Inc.,https://www.thelayoff.com//kinetic-concepts,KCI
Kinetic Leasing,https://www.thelayoff.com//kinetic-leasing,
Kinetic Networks,https://www.thelayoff.com//kinetic-networks,
King Business Interiors,https://www.thelayoff.com//king-business-interiors,
King City R-I,https://www.thelayoff.com//king-city-r-i-school-district,
King City Union,https://www.thelayoff.com//king-city-union-school-district,
King College,https://www.thelayoff.com//king,
King Colony Elementary School District,https://www.thelayoff.com//king-colony-elementary-school-district,
King County,https://www.thelayoff.com//king-tx,
"King County, WA",https://www.thelayoff.com//king-wa,
King Digital Entertainment PLC,https://www.thelayoff.com//king-digital-entertainment,KING
King Geo County Public Schools,https://www.thelayoff.com//king-geo-co-pblc-schs-school-district,
King George County,https://www.thelayoff.com//king-george,
King Pharmaceuticals Inc.,https://www.thelayoff.com//king-pharmaceuticals,KG
King Soopers,https://www.thelayoff.com//king-soopers,
King William County,https://www.thelayoff.com//king-william,
King William County Public Schools,https://www.thelayoff.com//king-william-co-pblc-schs-school-district,
King and Queen County,https://www.thelayoff.com//king-and-queen,
King and Queen County Public Schools,https://www.thelayoff.com//king-and-queen-co-pblc-schs-school-district,
King's College,https://www.thelayoff.com//kings,
King's Daughters Medical Center - Brookhaven,https://www.thelayoff.com//kings-daughters-medical-center-brookhaven,
King's Daughters' Health,https://www.thelayoff.com//kings-daughters-health,
King's Daughters' Medical Center,https://www.thelayoff.com//kings-daughters-medical-center,
Kingfisher County,https://www.thelayoff.com//kingfisher,
Kingfisher School District,https://www.thelayoff.com//kingfisher-school-district,
Kingman - Norwich School District,https://www.thelayoff.com//kingman-norwich-school-district,
Kingman Community Hospital,https://www.thelayoff.com//kingman-community-hospital,
Kingman County,https://www.thelayoff.com//kingman,
Kingman Regional Medical Center,https://www.thelayoff.com//kingman-regional-medical-center,
Kingman Unified School District,https://www.thelayoff.com//kingman-unified-school-district,
Kingold Jewelry Inc.,https://www.thelayoff.com//kingold-jewelry,KGJI
Kings Canyon Joint Unified School District,https://www.thelayoff.com//kings-canyon-joint-unified-school-district,
Kings Cons School District 144,https://www.thelayoff.com//kings-cons-sd-144-school-district,
Kings County,https://www.thelayoff.com//kings-ca,
Kings County Hospital Center,https://www.thelayoff.com//kings-county-hospital-center,
Kings County Office Of Education,https://www.thelayoff.com//kings-county-office-of-education-school-district,
"Kings County, NY",https://www.thelayoff.com//kings-ny,
Kings Daughters Medical Center Ohio,https://www.thelayoff.com//kings-daughters-medical-center-ohio,
Kings Local School District,https://www.thelayoff.com//kings-local-school-district,
Kings Park Central School District,https://www.thelayoff.com//kings-park-central-school-district,
Kings River Union Elementary School District,https://www.thelayoff.com//kings-river-union-elementary-school-district,
Kings Schools Transportation Authority JPA,https://www.thelayoff.com//kings-schools-transportation-authority-jpa-school-district,
Kingsbrook Jewish Medical Center,https://www.thelayoff.com//kingsbrook-jewish-medical-center,
Kingsburg Joint Union High - School District,https://www.thelayoff.com//kingsburg-joint-union-high-school-district,
Kingsbury County,https://www.thelayoff.com//kingsbury,
Kingsbury Plantation Public Schools,https://www.thelayoff.com//kingsbury-plt-public-schools-school-district,
Kingsland Public School District,https://www.thelayoff.com//kingsland-public-school-district,
Kingsley Area Schools,https://www.thelayoff.com//kingsley-area-schools-school-district,
Kingsley-Pierson Community School District,https://www.thelayoff.com//kingsley-pierson-comm-school-district,
Kingsport School District,https://www.thelayoff.com//kingsport-school-district,
Kingston 42 School District,https://www.thelayoff.com//kingston-42-school-district,
Kingston City School District,https://www.thelayoff.com//kingston-city-school-district,
Kingston Community School District,https://www.thelayoff.com//kingston-community-school-district,
Kingston K-14 School District,https://www.thelayoff.com//kingston-k-14-school-district,
Kingston School District,https://www.thelayoff.com//kingston-school-district,
Kingston Technology,https://www.thelayoff.com//kingston-technology,
Kingston Technology Company,https://www.thelayoff.com//kingston-technology-company,
Kingstone Cos. Inc.,https://www.thelayoff.com//kingstone-cos,KINS
Kingsville Independent School District,https://www.thelayoff.com//kingsville-isd-school-district,
Kingsville R-I School District,https://www.thelayoff.com//kingsville-r-i-school-district,
Kingsway Financial Services Inc.,https://www.thelayoff.com//kingsway-financial-services,KFS
Kingsway Regional School District,https://www.thelayoff.com//kingsway-regional-school-district,
Kingtone Wirelessinfo Solution Holding Ltd. ADS,https://www.thelayoff.com//kingtone-wirelessinfo-solution-holding,KONE
Kingwood Medical Center,https://www.thelayoff.com//kingwood-medical-center,
Kingwood Township School District,https://www.thelayoff.com//kingwood-township-school-district,
Kinnelon School District,https://www.thelayoff.com//kinnelon-school-district,
Kinney County,https://www.thelayoff.com//kinney,
Kinnikinnick CCSD 131,https://www.thelayoff.com//kinnikinnick-ccsd-131-school-district,
Kinray,https://www.thelayoff.com//kinray,
Kinross Gold Corp.,https://www.thelayoff.com//kinross-gold,KGC
Kinross Gold Corporation,https://www.thelayoff.com//kinross-gold-corporation,
Kinsale Capital Group,https://www.thelayoff.com//kinsale-capital-group,KNSL
Kinsey Elementary School District,https://www.thelayoff.com//kinsey-elementary-school-district,
Kinsley-Offerle School District,https://www.thelayoff.com//kinsley-offerle-school-district,
Kinta School District,https://www.thelayoff.com//kinta-school-district,
Kintera Inc.,https://www.thelayoff.com//kintera,KNTA
Kiona-Benton City School District,https://www.thelayoff.com//kiona-benton-city-school-district,
Kiowa County,https://www.thelayoff.com//kiowa-co,
Kiowa County Memorial Hospital,https://www.thelayoff.com//kiowa-county-memorial-hospital,
Kiowa County School District,https://www.thelayoff.com//kiowa-county-school-district,
Kiowa County School District No. Re-1,https://www.thelayoff.com//kiowa-county-sd-no-re-1-school-district,
Kiowa County School District No. Re-2,https://www.thelayoff.com//kiowa-county-sd-no-re-2-school-district,
"Kiowa County, KS",https://www.thelayoff.com//kiowa-ks,
"Kiowa County, OK",https://www.thelayoff.com//kiowa-ok,
Kiowa District Hospital,https://www.thelayoff.com//kiowa-district-hospital,
Kiowa School District,https://www.thelayoff.com//kiowa-school-district,
Kipp: Cooper Norcross A New Jersey Nonprofit Corporation,https://www.thelayoff.com//kipp-cooper-norcross-a-new-jersey-nonprofit-corporation-school-district,
Kirby Corp.,https://www.thelayoff.com//kirby,KEX
Kirby Medical Center,https://www.thelayoff.com//kirby-medical-center,
Kirby School District,https://www.thelayoff.com//kirby-school-district,
Kirby School District 140,https://www.thelayoff.com//kirby-sd-140-school-district,
Kirbyville CISD School District,https://www.thelayoff.com//kirbyville-cisd-school-district,
Kirbyville R-Vi School District,https://www.thelayoff.com//kirbyville-r-vi-school-district,
Kircher Elementary School District,https://www.thelayoff.com//kircher-elementary-school-district,
Kirkland & Ellis,https://www.thelayoff.com//kirkland-and-ellis,
Kirkland Elementary District,https://www.thelayoff.com//kirkland-elementary-district-school-district,
Kirkland Lake Gold Inc.,https://www.thelayoff.com//kirkland-lake-gold,KGI
Kirkland's Inc.,https://www.thelayoff.com//kirkland-s,KIRK
Kirksville R-Iii School District,https://www.thelayoff.com//kirksville-r-iii-school-district,
Kirkwood Elementary School District,https://www.thelayoff.com//kirkwood-elementary-school-district,
Kirkwood R-Vii School District,https://www.thelayoff.com//kirkwood-r-vii-school-district,
Kirtas Technologies,https://www.thelayoff.com//kirtas-technologies,
Kirtland Local School District,https://www.thelayoff.com//kirtland-local-school-district,
Kiryas Joel Village Union Free School District,https://www.thelayoff.com//kiryas-joel-village-union-free-school-district,
Kishwaukee Community Hospital,https://www.thelayoff.com//kishwaukee-community-hospital,
Kiski Area School District,https://www.thelayoff.com//kiski-area-sd-school-district,
Kismet-Plains School District,https://www.thelayoff.com//kismet-plains-school-district,
Kit Carson County,https://www.thelayoff.com//kit-carson,
Kit Carson County Memorial Hospital,https://www.thelayoff.com//kit-carson-county-memorial-hospital,
Kit Carson School District No. R-1,https://www.thelayoff.com//kit-carson-sd-no-r-1-school-district,
Kit Carson Union Elementary School District,https://www.thelayoff.com//kit-carson-union-elementary-school-district,
Kit Carson and Stat No. R-4,https://www.thelayoff.com//kit-carson-and-stat-no-r-4-school-district,
Kitchen Academy,https://www.thelayoff.com//kitchen-academy,
Kite Pharma Inc.,https://www.thelayoff.com//kite-pharma,KITE
Kite Realty Group Trust,https://www.thelayoff.com//kite-realty-group-trust,KRG
Kitov Pharmaceuticals,https://www.thelayoff.com//kitov-pharmaceuticals,KTOV
Kitsap County,https://www.thelayoff.com//kitsap,
Kittatinny Regional School District,https://www.thelayoff.com//kittatinny-regional-school-district,
Kittery Public Schools,https://www.thelayoff.com//kittery-public-schools-school-district,
Kittitas County,https://www.thelayoff.com//kittitas,
Kittitas School District,https://www.thelayoff.com//kittitas-school-district,
Kittitas Valley Community Hospital,https://www.thelayoff.com//kittitas-valley-community-hospital,
Kittson Central School District,https://www.thelayoff.com//kittson-central-school-district,
Kittson County,https://www.thelayoff.com//kittson,
Kittson Memorial Hospital,https://www.thelayoff.com//kittson-memorial-hospital,
Kitware,https://www.thelayoff.com//kitware,
Klamath County,https://www.thelayoff.com//klamath,
Klamath County School District,https://www.thelayoff.com//klamath-county-sd-school-district,
Klamath Falls City Schools,https://www.thelayoff.com//klamath-falls-city-schools-school-district,
Klamath River Union Elementary School District,https://www.thelayoff.com//klamath-river-union-elementary-school-district,
Klamath-Trinity Joint Unified School District,https://www.thelayoff.com//klamath-trinity-joint-unified-school-district,
Klawock City School District,https://www.thelayoff.com//klawock-city-school-district,
Kleberg County,https://www.thelayoff.com//kleberg,
Klee Associates,https://www.thelayoff.com//klee-associates,
Klein Independent School District,https://www.thelayoff.com//klein-isd-school-district,
Klickitat County,https://www.thelayoff.com//klickitat,
Klickitat School District,https://www.thelayoff.com//klickitat-school-district,
Klickitat Valley Hospital,https://www.thelayoff.com//klickitat-valley-hospital,
Klondex Mines Ltd.,https://www.thelayoff.com//klondex-mines,KDX
Klondike Independent School District,https://www.thelayoff.com//klondike-isd-school-district,
Klondyke Elementary District,https://www.thelayoff.com//klondyke-elementary-district-school-district,
Kmart,https://www.thelayoff.com//kmart,
Knapp,https://www.thelayoff.com//knapp,
Knapp Medical Center,https://www.thelayoff.com//knapp-medical-center,
Knappa School District 4,https://www.thelayoff.com//knappa-sd-4-school-district,
Knauf,https://www.thelayoff.com//knauf,
Kneeland Elementary School District,https://www.thelayoff.com//kneeland-elementary-school-district,
Knees Elementary School District,https://www.thelayoff.com//knees-elementary-school-district,
Knichel Logistics,https://www.thelayoff.com//knichel-logistics,
Knight Capital Group Inc.,https://www.thelayoff.com//knight-capital-group,NITE
Knight Piésold Ltd.,https://www.thelayoff.com//knight-piesold,
Knight Transportation Inc.,https://www.thelayoff.com//knight-transportation,KNX
Knights Ferry Elementary School District,https://www.thelayoff.com//knights-ferry-elementary-school-district,
Knights of Columbus Insurance	,https://www.thelayoff.com//kofc,
Knightsbridge Tankers Ltd.,https://www.thelayoff.com//knightsbridge-tankers,VLCCF
Knightsen Elementary School District,https://www.thelayoff.com//knightsen-elementary-school-district,
Knippa Independent School District,https://www.thelayoff.com//knippa-isd-school-district,
Knob Noster R-Viii,https://www.thelayoff.com//knob-noster-r-viii-school-district,
Knock Knock,https://www.thelayoff.com//knock-knock,
Knoll Inc.,https://www.thelayoff.com//knoll,KNL
Knology Inc.,https://www.thelayoff.com//knology,KNOL
Knot Inc.,https://www.thelayoff.com//knot,KNOT
Knot Offshore Partners LP,https://www.thelayoff.com//knot-offshore-partners,KNOP
Knott County,https://www.thelayoff.com//knott,
Knott County School District,https://www.thelayoff.com//knott-county-school-district,
Knowledge Consulting Group,https://www.thelayoff.com//knowledge-consulting,
Knowledge Information Solutions,https://www.thelayoff.com//knowledge-information-solutions,
Knowledge Learning,https://www.thelayoff.com//knowledge-learning,
Knowledge Systems,https://www.thelayoff.com//knowledge-systems,
KnowledgeBank,https://www.thelayoff.com//knowledgebank,
KnowledgeCentrix,https://www.thelayoff.com//knowledgecentrix,
Knowles Corp.,https://www.thelayoff.com//knowles,KN
Knowlton Township School District,https://www.thelayoff.com//knowlton-township-school-district,
Knox City-O'Brien CISD - School District,https://www.thelayoff.com//knox-city-o-brien-cisd-school-district,
Knox Co. R-I,https://www.thelayoff.com//knox-co-r-i-school-district,
Knox College,https://www.thelayoff.com//knox,
Knox Community Hospital,https://www.thelayoff.com//knox-community-hospital,
Knox Community School Corporation,https://www.thelayoff.com//knox-community-school-corp-school-district,
Knox County,https://www.thelayoff.com//knox-il,
Knox County Hospital,https://www.thelayoff.com//knox-county-hospital,
Knox County School District,https://www.thelayoff.com//knox-county-school-district,
"Knox County, IN",https://www.thelayoff.com//knox-in,
"Knox County, KY",https://www.thelayoff.com//knox-ky,
"Knox County, ME",https://www.thelayoff.com//knox-me,
"Knox County, MO",https://www.thelayoff.com//knox-mo,
"Knox County, NE",https://www.thelayoff.com//knox-ne,
"Knox County, OH",https://www.thelayoff.com//knox-oh,
"Knox County, TN",https://www.thelayoff.com//knox-tn,
"Knox County, TX",https://www.thelayoff.com//knox-tx,
Knoxville CUSD 202,https://www.thelayoff.com//knoxville-cusd-202-school-district,
Knoxville Community School District,https://www.thelayoff.com//knoxville-comm-school-district,
Knoxville Hospital & Clinics,https://www.thelayoff.com//knoxville-hospital-and-clinics,
Koch Foods,https://www.thelayoff.com//koch-foods,
Koch Industries,https://www.thelayoff.com//koch-industries,
Kodiak Island Borough,https://www.thelayoff.com//kodiak-island,
Kodiak Island Borough School District,https://www.thelayoff.com//kodiak-island-borough-school-district,
Kodiak Oil & Gas Corp.,https://www.thelayoff.com//kodiak-oil-and-gas,KOG
Kofax,https://www.thelayoff.com//kofax,KFX
Kohala Hospital,https://www.thelayoff.com//kohala-hospital,
Kohl's Corp.,https://www.thelayoff.com//kohl-s,KSS
Kohler,https://www.thelayoff.com//kohler,
Kohler School District,https://www.thelayoff.com//kohler-school-district,
Kokomo School Corporation,https://www.thelayoff.com//kokomo-school-corporation-school-district,
Kolkhorst Petroleum,https://www.thelayoff.com//kolkhorst-petroleum,
Komarek School District 94,https://www.thelayoff.com//komarek-sd-94-school-district,
Komatsu ,https://www.thelayoff.com//komatsu,
Kommunal Landspensjonskasse,https://www.thelayoff.com//kommunal-landspensjonskasse,
Kona Community Hospital,https://www.thelayoff.com//kona-community-hospital,
Kona Grill Inc.,https://www.thelayoff.com//kona-grill,KONA
Konami,https://www.thelayoff.com//konami,KNM
Konawa School District,https://www.thelayoff.com//konawa-school-district,
KongZhong Corp. ADS,https://www.thelayoff.com//kongzhong,KZ
Konica Minolta,https://www.thelayoff.com//konica-minolta,
Konocti Unified School District,https://www.thelayoff.com//konocti-unified-school-district,
Koochiching County,https://www.thelayoff.com//koochiching,
Kookmin Bank,https://www.thelayoff.com//kookmin-bank,KB
Kootenai County,https://www.thelayoff.com//kootenai,
Kootenai District School District,https://www.thelayoff.com//kootenai-district-school-district,
Kootenai Health,https://www.thelayoff.com//kootenai-health,
Kopin Corp.,https://www.thelayoff.com//kopin,KOPN
Kopperl Independent School District,https://www.thelayoff.com//kopperl-isd-school-district,
Koppers Holdings Inc.,https://www.thelayoff.com//koppers-holdings,KOP
Korea Electric Power Corp.,https://www.thelayoff.com//korea-electric-power,KEP
Korn/Ferry International,https://www.thelayoff.com//korn-ferry-international,KFY
Kornit Digital Ltd.,https://www.thelayoff.com//kornit-digital,KRNT
Korvis Automation,https://www.thelayoff.com//korvis-automation,
Kosan Biosciences Inc.,https://www.thelayoff.com//kosan-biosciences,KOSN
Kosciusko Community Hospital,https://www.thelayoff.com//kosciusko-community-hospital,
Kosciusko County,https://www.thelayoff.com//kosciusko,
Kosciusko School District,https://www.thelayoff.com//kosciusko-school-district,
Kosmos Energy Ltd.,https://www.thelayoff.com//kosmos-energy,KOS
Koss Corp.,https://www.thelayoff.com//koss,KOSS
Kossuth County,https://www.thelayoff.com//kossuth,
Kossuth Regional Health Center,https://www.thelayoff.com//kossuth-regional-health-center,
Kotick Marketing Group,https://www.thelayoff.com//kotick-marketing,
Kountry Wood Products,https://www.thelayoff.com//kountry-wood-products,
Kountze Independent School District,https://www.thelayoff.com//kountze-isd-school-district,
Kraft Foods Group Inc.,https://www.thelayoff.com//kraft-foods-group,KRFT
Kraft Heinz,https://www.thelayoff.com//kraft-foods,KHC
Kraton Performance Polymers Inc.,https://www.thelayoff.com//kraton-performance-polymers,KRA
Kratos Defense & Security Solutions Inc.,https://www.thelayoff.com//kratos-defense-and-security-solutions,KTOS
Kraus Commercial Roofing,https://www.thelayoff.com//kraus-commercial-roofing,
Krebs School District,https://www.thelayoff.com//krebs-school-district,
Kreger Components,https://www.thelayoff.com//kreger-components,
Kreisler Manufacturing Corp.,https://www.thelayoff.com//kreisler-manufacturing,KRSL
Kremlin-Hillsdale School District,https://www.thelayoff.com//kremlin-hillsdale-school-district,
Kress Independent School District,https://www.thelayoff.com//kress-isd-school-district,
Krispy Kreme Doughnuts Inc.,https://www.thelayoff.com//krispy-kreme-doughnuts,KKD
Kroger Co.,https://www.thelayoff.com//kroger,KR
Kronos Worldwide Inc.,https://www.thelayoff.com//kronos-worldwide,KRO
Krozak Information Technologies,https://www.thelayoff.com//krozak-information-technologies,
Krum Independent School District,https://www.thelayoff.com//krum-isd-school-district,
Krystal Biotech,https://www.thelayoff.com//krystal-biotech,KRYS
Ku6 Media Co. Ltd. ADS,https://www.thelayoff.com//ku6-media-co,KUTV
Kuakini Medical Center,https://www.thelayoff.com//kuakini-medical-center,
Kubota Corp.,https://www.thelayoff.com//kubota,KUB
Kuebler Builders,https://www.thelayoff.com//kuebler-builders,
Kula Hospital,https://www.thelayoff.com//kula-hospital,
Kulicke & Soffa Industries Inc.,https://www.thelayoff.com//kulicke-and-soffa-industries,KLIC
Kulm 7 School District,https://www.thelayoff.com//kulm-7-school-district,
Kum & Go,https://www.thelayoff.com//kum-and-go,
Kuna Joint District,https://www.thelayoff.com//kuna-joint-district-school-district,
Kura Oncology,https://www.thelayoff.com//kura-oncology,KURA
Kurtzman Carson Consultants,https://www.thelayoff.com//kurtzman-carson-consultants,
Kuspuk School District,https://www.thelayoff.com//kuspuk-school-district,
Kutztown Area School District,https://www.thelayoff.com//kutztown-area-sd-school-district,
Kutztown University of Pennsylvania,https://www.thelayoff.com//kup,
Kyocera Corp.,https://www.thelayoff.com//kyocera,KYO
Kyra InfoTech,https://www.thelayoff.com//kyra-infotech,
Kyrene Elementary District,https://www.thelayoff.com//kyrene-elementary-district-school-district,
Kythera Biopharmaceuticals Inc.,https://www.thelayoff.com//kythera-biopharmaceuticals,KYTH
Philips Electronics,https://www.thelayoff.com//koninklijke-philips-electronics,PHG
ka architecture,https://www.thelayoff.com//ka-architecture,
kgb,https://www.thelayoff.com//kgb,
